{
  "models": {
    "Claude Sonnet 3.7": {
      "improved": {
        "counts": {
          "not_in_wikidata": 64,
          "link_fail": 27,
          "verified": 67,
          "unsupported": 8,
          "contradicted": 4
        },
        "total": 170,
        "verified": 67,
        "contradicted": 4,
        "checkable": 71,
        "accuracy": 0.9436619718309859,
        "ci_low": 0.8639019960075406,
        "ci_high": 0.9778758387795298,
        "coverage": 0.4176470588235294,
        "link_success": 0.8411764705882353
      },
      "naive": {
        "counts": {
          "not_in_wikidata": 74,
          "link_fail": 27,
          "verified": 58,
          "unsupported": 8,
          "contradicted": 3
        },
        "total": 170,
        "verified": 58,
        "contradicted": 3,
        "checkable": 61,
        "accuracy": 0.9508196721311475,
        "ci_low": 0.8650865720629857,
        "ci_high": 0.9831343231647693,
        "coverage": 0.3588235294117647,
        "link_success": 0.8411764705882353
      },
      "topic_error": {
        "dante": [
          0,
          3
        ],
        "kierkegaard": [
          0,
          6
        ],
        "civil_war": [
          2,
          9
        ],
        "plato": [
          0,
          5
        ],
        "kafka": [
          0,
          6
        ],
        "dickinson": [
          0,
          3
        ],
        "aquinas": [
          0,
          3
        ],
        "kant": [
          0,
          3
        ],
        "homer": [
          0,
          5
        ],
        "hume": [
          0,
          5
        ],
        "nietzsche": [
          0,
          5
        ],
        "shelley": [
          1,
          6
        ],
        "lovecraft": [
          0,
          2
        ],
        "tolstoy": [
          1,
          7
        ],
        "woolf": [
          0,
          3
        ]
      }
    },
    "GPT-4.1": {
      "improved": {
        "counts": {
          "not_in_wikidata": 41,
          "link_fail": 26,
          "verified": 91,
          "contradicted": 7,
          "unsupported": 5
        },
        "total": 170,
        "verified": 91,
        "contradicted": 7,
        "checkable": 98,
        "accuracy": 0.9285714285714286,
        "ci_low": 0.8598383015319639,
        "ci_high": 0.9649719921005007,
        "coverage": 0.5764705882352941,
        "link_success": 0.8470588235294118
      },
      "naive": {
        "counts": {
          "not_in_wikidata": 51,
          "link_fail": 26,
          "verified": 79,
          "contradicted": 9,
          "unsupported": 5
        },
        "total": 170,
        "verified": 79,
        "contradicted": 9,
        "checkable": 88,
        "accuracy": 0.8977272727272727,
        "ci_low": 0.8169257242733358,
        "ci_high": 0.9452561192485541,
        "coverage": 0.5176470588235295,
        "link_success": 0.8470588235294118
      },
      "topic_error": {
        "haruki_murakami": [
          0,
          4
        ],
        "woolf": [
          0,
          3
        ],
        "the_black_death": [
          0,
          2
        ],
        "homer": [
          0,
          4
        ],
        "the_protestant_reformation": [
          0,
          4
        ],
        "civil_war": [
          2,
          6
        ],
        "kafka": [
          1,
          6
        ],
        "sartre": [
          0,
          2
        ],
        "fyodor_dostoevsky": [
          0,
          7
        ],
        "tolstoy": [
          0,
          3
        ],
        "shelley": [
          0,
          1
        ],
        "mark_twain": [
          0,
          2
        ],
        "borges": [
          0,
          5
        ],
        "gabriel_garcia_marquez": [
          0,
          2
        ],
        "james_joyce": [
          0,
          4
        ],
        "charlotte_bronte": [
          0,
          1
        ],
        "industrial_revolution": [
          0,
          4
        ],
        "the_space_race": [
          1,
          6
        ],
        "roman_empire": [
          0,
          2
        ],
        "wwi": [
          0,
          2
        ],
        "the_crusades": [
          1,
          1
        ],
        "renaissance": [
          0,
          3
        ],
        "maya_angelou": [
          1,
          4
        ],
        "dante": [
          0,
          4
        ],
        "william_shakespeare": [
          0,
          2
        ],
        "sylvia_plath": [
          0,
          1
        ],
        "kant": [
          0,
          2
        ],
        "age_of_exploration": [
          0,
          2
        ],
        "french_revolution": [
          0,
          2
        ],
        "nietzsche": [
          0,
          1
        ],
        "world_war_ii": [
          1,
          2
        ],
        "jane_austen": [
          0,
          1
        ],
        "karl_marx": [
          0,
          2
        ],
        "thomas_hobbes": [
          0,
          1
        ]
      }
    },
    "Grok 3": {
      "improved": {
        "counts": {
          "not_in_wikidata": 55,
          "verified": 92,
          "contradicted": 9,
          "unsupported": 3,
          "link_fail": 11
        },
        "total": 170,
        "verified": 92,
        "contradicted": 9,
        "checkable": 101,
        "accuracy": 0.9108910891089109,
        "ci_low": 0.8392591803194848,
        "ci_high": 0.952411301626613,
        "coverage": 0.5941176470588235,
        "link_success": 0.9352941176470588
      },
      "naive": {
        "counts": {
          "not_in_wikidata": 68,
          "contradicted": 11,
          "verified": 77,
          "unsupported": 3,
          "link_fail": 11
        },
        "total": 170,
        "verified": 77,
        "contradicted": 11,
        "checkable": 88,
        "accuracy": 0.875,
        "ci_low": 0.7898806043001849,
        "ci_high": 0.9287479910204541,
        "coverage": 0.5176470588235295,
        "link_success": 0.9352941176470588
      },
      "topic_error": {
        "borges": [
          0,
          9
        ],
        "french_revolution": [
          1,
          8
        ],
        "lovecraft": [
          0,
          5
        ],
        "nietzsche": [
          0,
          1
        ],
        "tolstoy": [
          1,
          9
        ],
        "shelley": [
          2,
          5
        ],
        "cold_war": [
          0,
          4
        ],
        "wwi": [
          1,
          6
        ],
        "renaissance": [
          0,
          7
        ],
        "civil_war": [
          1,
          7
        ],
        "homer": [
          0,
          5
        ],
        "kierkegaard": [
          0,
          3
        ],
        "industrial_revolution": [
          1,
          7
        ],
        "hume": [
          0,
          2
        ],
        "age_of_exploration": [
          0,
          5
        ],
        "woolf": [
          0,
          2
        ],
        "dickinson": [
          1,
          2
        ],
        "kant": [
          0,
          3
        ],
        "kafka": [
          0,
          7
        ],
        "aquinas": [
          0,
          1
        ],
        "dante": [
          1,
          3
        ]
      }
    }
  },
  "linking": {
    "naive": {
      "precision": 0.6940298507462687,
      "recall": 0.788135593220339,
      "f1": 0.738095238095238,
      "accuracy": 0.7266666666666667,
      "tp": 93,
      "n": 150,
      "gold_nonnil": 118,
      "pred_nonnil": 134
    },
    "improved": {
      "precision": 0.8283582089552238,
      "recall": 0.940677966101695,
      "f1": 0.8809523809523809,
      "accuracy": 0.8466666666666667,
      "tp": 111,
      "n": 150,
      "gold_nonnil": 118,
      "pred_nonnil": 134
    },
    "n_mentions": 150
  },
  "config": {
    "per_file": 14,
    "per_model": 170,
    "link_eval": 150
  },
  "api_calls": 267,